test_id,method_id,label
0,1,0
2,3,0
4,5,1
6,7,0
8,9,0
10,11,0
12,13,0
14,15,1
16,17,1
18,19,1
20,21,1
22,23,1
24,25,1
26,27,0
28,29,0
30,31,0
32,33,0
34,35,0
36,37,1
38,39,1
40,41,1
42,43,1
44,45,0
46,47,1
48,49,1
50,51,1
52,53,1
54,55,1
56,57,1
58,59,1
60,61,1
62,63,1
64,65,1
66,67,1
68,69,1
70,71,1
72,73,1
74,75,1
76,77,1
78,79,1
80,81,1
82,83,1
84,85,1
86,87,1
88,89,1
90,91,1
92,93,1
94,95,1
96,97,1
98,99,1
100,101,1
102,103,1
104,105,1
106,107,1
108,109,1
110,111,1
112,113,1
114,115,1
116,117,1
118,119,1
120,121,1
122,123,1
124,125,1
126,127,1
128,129,1
130,131,1
132,133,1
134,135,1
136,137,1
138,139,1
140,141,1
142,143,1
144,145,1
146,147,1
148,149,1
150,151,1
152,153,1
154,155,1
156,157,1
158,159,1
160,161,1
162,163,1
164,165,1
166,167,1
168,169,1
170,171,1
172,173,1
174,175,1
176,177,1
178,179,1
180,181,1
182,183,1
184,185,1
186,187,1
188,189,1
190,191,1
192,193,1
194,195,1
196,197,1
198,199,0
200,201,1
202,203,1
204,205,1
206,207,1
208,209,1
210,211,1
212,213,1
214,215,1
216,217,1
218,219,1
220,221,1
222,223,1
224,225,1
226,227,1
228,229,1
230,231,0
232,233,1
234,235,1
236,237,1
238,239,1
240,241,1
242,243,1
244,245,1
246,247,1
248,249,1
250,251,1
252,253,1
254,255,0
256,257,0
258,259,1
260,261,1
262,263,1
264,265,0
266,267,1
268,269,1
270,271,1
272,273,1
274,275,1
276,277,1
278,279,1
280,281,1
282,283,1
284,285,1
286,287,1
288,289,1
290,291,1
292,293,1
294,295,1
296,297,1
298,299,1
300,301,1
302,303,1
304,305,1
306,307,1
308,309,1
310,311,1
312,313,1
314,315,1
316,317,1
318,319,1
320,321,1
322,323,1
324,325,0
326,327,0
328,329,1
330,331,1
332,333,0
334,335,0
336,337,0
338,339,0
340,341,0
342,343,0
344,345,0
346,347,0
348,349,0
350,351,0
352,353,0
354,355,0
356,357,0
358,359,0
360,361,0
362,363,0
364,365,0
366,367,0
368,369,0
370,371,0
372,373,0
374,375,0
376,377,0
378,379,0
380,381,0
382,383,0
384,385,0
386,387,0
388,389,0
390,391,0
392,393,0
394,395,0
396,397,0
398,399,0
400,401,0
402,403,0
404,405,0
406,407,0
408,409,0
410,411,0
412,413,0
414,415,0
416,417,0
418,419,1
420,421,0
422,423,0
424,425,0
426,427,0
428,429,0
430,431,0
432,433,0
434,435,0
436,437,0
438,439,0
440,441,0
442,443,0
444,445,0
446,447,0
448,449,0
450,451,0
452,453,0
454,455,0
456,457,0
458,459,0
460,461,0
462,463,0
464,465,0
466,467,0
468,469,0
470,471,0
472,473,0
474,475,0
476,477,0
478,479,0
480,481,0
482,483,0
484,485,0
486,487,0
488,489,0
490,491,0
492,493,0
494,495,0
496,497,0
498,499,0
500,501,0
502,503,0
504,505,0
506,507,0
508,509,0
510,511,0
512,513,0
514,515,0
516,517,0
518,519,0
520,521,0
522,523,0
524,525,0
526,527,0
528,529,0
530,531,0
532,533,0
534,535,0
536,537,0
538,539,0
540,541,0
542,543,0
544,545,0
546,547,0
548,549,0
550,551,0
552,553,0
554,555,0
556,557,0
558,559,0
560,561,0
562,563,0
564,565,0
566,567,0
568,569,0
570,571,0
572,573,0
574,575,0
576,577,0
578,579,0
580,581,0
582,583,0
584,585,0
586,587,0
588,589,0
590,591,0
592,593,0
594,595,0
596,597,0
598,599,0
600,601,0
602,603,0
604,605,0
606,607,0
608,609,0
610,611,0
612,613,0
614,615,0
616,617,0
618,619,0
620,621,0
622,623,0
624,625,0
626,627,0
628,629,0
630,631,0
632,633,0
634,635,0
636,637,0
638,639,0
640,641,0
642,643,0
644,645,0
646,647,0
648,649,0
650,651,0
652,653,0
654,655,0
656,657,0
658,659,0
660,661,0
662,663,0
664,665,0
666,667,0
668,669,0
670,671,0
672,673,0
674,675,0
676,677,0
678,679,0
680,681,0
682,683,0
684,685,0
686,687,0
688,689,1
690,691,1
692,693,1
694,695,1
696,697,1
698,699,1
700,701,1
702,703,1
704,705,1
706,707,1
708,709,1
710,711,1
712,713,1
714,715,1
716,717,1
718,719,1
720,721,0
722,723,0
724,725,0
726,727,0
728,729,1
730,731,1
732,733,1
734,735,1
736,737,1
738,739,1
740,741,1
742,743,1
744,745,1
746,747,1
748,749,1
750,751,0
752,753,0
754,755,1
756,757,1
758,759,1
760,761,1
762,763,1
764,765,1
766,767,1
768,769,1
770,771,0
772,773,0
774,775,0
776,777,0
778,779,0
780,781,0
782,783,0
784,785,0
786,787,0
788,789,0
790,791,0
792,793,0
794,795,0
796,797,0
798,799,0
800,801,0
802,803,0
804,805,0
806,807,0
808,809,0
810,811,1
812,813,0
814,815,0
816,817,0
818,819,0
820,821,0
822,823,0
824,825,0
826,827,0
828,829,0
830,831,0
832,833,0
834,835,0
836,837,0
838,839,0
840,841,0
842,843,0
844,845,0
846,847,0
848,849,0
850,851,0
852,853,0
854,855,0
856,857,1
858,859,1
860,861,1
862,863,1
864,865,1
866,867,1
868,869,1
870,871,1
872,873,1
874,875,1
876,877,1
878,879,1
880,881,1
882,883,1
884,885,1
886,887,1
888,889,1
890,891,1
892,893,1
894,895,1
896,897,1
898,899,1
900,901,1
902,903,1
904,905,1
906,907,1
908,909,1
910,911,1
912,913,1
914,915,1
916,917,1
918,919,1
920,921,1
922,923,1
924,925,1
926,927,1
928,929,1
930,931,1
932,933,1
934,935,1
936,937,1
938,939,1
940,941,0
942,943,0
944,945,0
946,947,0
948,949,0
950,951,0
952,953,1
954,955,0
956,957,0
958,959,0
960,961,0
962,963,0
964,965,1
966,967,1
968,969,1
970,971,0
972,973,0
974,975,0
976,977,0
978,979,1
980,981,1
982,983,1
984,985,1
986,987,1
988,989,1
990,991,1
992,993,1
994,995,1
996,997,1
998,999,1
1000,1001,1
1002,1003,1
1004,1005,1
1006,1007,1
1008,1009,1
1010,1011,1
1012,1013,1
1014,1015,1
1016,1017,1
1018,1019,1
1020,1021,1
1022,1023,1
1024,1025,1
1026,1027,1
1028,1029,1
1030,1031,1
1032,1033,1
1034,1035,1
1036,1037,1
1038,1039,1
1040,1041,1
1042,1043,1
1044,1045,1
1046,1047,1
1048,1049,1
1050,1051,1
1052,1053,1
1054,1055,1
1056,1057,1
1058,1059,1
1060,1061,1
1062,1063,1
1064,1065,1
1066,1067,1
1068,1069,1
1070,1071,1
1072,1073,1
1074,1075,1
1076,1077,1
1078,1079,1
1080,1081,1
1082,1083,1
1084,1085,1
1086,1087,1
1088,1089,1
1090,1091,1
1092,1093,1
1094,1095,1
1096,1097,1
1098,1099,1
1100,1101,1
1102,1103,1
1104,1105,1
1106,1107,1
1108,1109,1
1110,1111,1
1112,1113,1
1114,1115,1
1116,1117,1
1118,1119,1
1120,1121,1
1122,1123,1
1124,1125,1
1126,1127,1
1128,1129,1
1130,1131,1
1132,1133,1
1134,1135,0
1136,1137,1
1138,1139,1
1140,1141,1
1142,1143,1
1144,1145,1
1146,1147,1
1148,1149,1
1150,1151,1
1152,1153,1
1154,1155,1
1156,1157,1
1158,1159,1
1160,1161,1
1162,1163,1
1164,1165,0
1166,1167,0
1168,1169,0
1170,1171,0
1172,1173,0
1174,1175,1
1176,1177,1
1178,1179,1
1180,1181,1
1182,1183,1
1184,1185,1
1186,1187,1
1188,1189,1
1190,1191,1
1192,1193,1
1194,1195,1
1196,1197,1
1198,1199,1
1200,1201,1
1202,1203,1
1204,1205,1
1206,1207,1
1208,1209,1
1210,1211,1
1212,1213,1
1214,1215,1
1216,1217,1
1218,1219,1
1220,1221,1
1222,1223,1
1224,1225,1
1226,1227,1
1228,1229,1
1230,1231,1
1232,1233,1
1234,1235,1
1236,1237,1
1238,1239,1
1240,1241,1
1242,1243,1
1244,1245,1
1246,1247,1
1248,1249,1
1250,1251,1
1252,1253,1
1254,1255,1
1256,1257,1
1258,1259,1
1260,1261,1
1262,1263,1
1264,1265,1
1266,1267,1
1268,1269,1
1270,1271,1
1272,1273,1
1274,1275,1
1276,1277,1
1278,1279,1
1280,1281,1
1282,1283,1
1284,1285,1
1286,1287,1
1288,1289,1
1290,1291,1
1292,1293,1
1294,1295,1
1296,1297,1
1298,1299,1
1300,1301,1
1302,1303,1
1304,1305,1
1306,1307,1
1308,1309,1
1310,1311,1
1312,1313,1
1314,1315,1
1316,1317,1
1318,1319,1
1320,1321,0
1322,1323,1
1324,1325,1
1326,1327,1
1328,1329,1
1330,1331,1
1332,1333,1
1334,1335,1
1336,1337,1
1338,1339,1
1340,1341,1
1342,1343,1
1344,1345,1
1346,1347,1
1348,1349,1
1350,1351,1
1352,1353,1
1354,1355,1
1356,1357,1
1358,1359,1
1360,1361,1
1362,1363,1
1364,1365,1
1366,1367,1
1368,1369,1
1370,1371,1
1372,1373,1
1374,1375,1
1376,1377,1
1378,1379,1
1380,1381,1
1382,1383,1
1384,1385,1
1386,1387,1
1388,1389,1
1390,1391,1
1392,1393,1
1394,1395,1
1396,1397,1
1398,1399,1
1400,1401,1
1402,1403,1
1404,1405,1
1406,1407,1
1408,1409,1
1410,1411,1
1412,1413,1
1414,1415,1
1416,1417,1
1418,1419,1
1420,1421,1
1422,1423,1
1424,1425,1
1426,1427,1
1428,1429,1
1430,1431,1
1432,1433,1
1434,1435,1
1436,1437,1
1438,1439,1
1440,1441,1
1442,1443,1
1444,1445,1
1446,1447,1
1448,1449,1
1450,1451,1
1452,1453,1
1454,1455,1
1456,1457,0
1458,1459,0
1460,1461,0
1462,1463,0
1464,1465,0
1466,1467,0
1468,1469,0
1470,1471,1
1472,1473,1
1474,1475,1
1476,1477,1
1478,1479,1
1480,1481,1
1482,1483,1
1484,1485,1
1486,1487,1
1488,1489,1
1490,1491,1
1492,1493,1
1494,1495,1
1496,1497,1
1498,1499,1
1500,1501,1
1502,1503,1
1504,1505,1
1506,1507,1
1508,1509,1
1510,1511,0
1512,1513,0
1514,1515,1
1516,1517,0
1518,1519,0
1520,1521,1
1522,1523,1
1524,1525,1
1526,1527,1
1528,1529,0
1530,1531,1
1532,1533,1
1534,1535,0
1536,1537,0
1538,1539,0
1540,1541,1
1542,1543,0
1544,1545,0
1546,1547,0
1548,1549,0
1550,1551,0
1552,1553,0
1554,1555,1
1556,1557,1
1558,1559,1
1560,1561,1
1562,1563,1
1564,1565,1
1566,1567,1
1568,1569,1
1570,1571,1
1572,1573,1
1574,1575,1
1576,1577,1
1578,1579,1
1580,1581,1
1582,1583,1
1584,1585,1
1586,1587,1
1588,1589,1
1590,1591,1
1592,1593,1
1594,1595,1
1596,1597,1
1598,1599,1
1600,1601,1
1602,1603,1
1604,1605,1
1606,1607,1
1608,1609,1
1610,1611,0
1612,1613,0
1614,1615,0
1616,1617,0
1618,1619,0
1620,1621,0
1622,1623,0
1624,1625,0
1626,1627,0
1628,1629,0
1630,1631,1
1632,1633,1
1634,1635,1
1636,1637,1
1638,1639,1
1640,1641,1
1642,1643,1
1644,1645,1
1646,1647,1
1648,1649,1
1650,1651,1
1652,1653,1
1654,1655,1
1656,1657,1
1658,1659,0
1660,1661,0
1662,1663,0
1664,1665,0
1666,1667,0
1668,1669,0
1670,1671,0
1672,1673,0
1674,1675,1
1676,1677,0
1678,1679,0
1680,1681,0
1682,1683,0
1684,1685,0
1686,1687,0
1688,1689,0
1690,1691,0
1692,1693,0
1694,1695,0
1696,1697,0
1698,1699,0
1700,1701,0
1702,1703,0
1704,1705,0
1706,1707,1
1708,1709,0
1710,1711,0
1712,1713,0
1714,1715,0
1716,1717,0
1718,1719,0
1720,1721,0
1722,1723,0
1724,1725,1
1726,1727,1
1728,1729,1
1730,1731,1
1732,1733,0
1734,1735,0
1736,1737,1
1738,1739,0
1740,1741,1
1742,1743,1
1744,1745,0
1746,1747,0
1748,1749,0
1750,1751,0
1752,1753,0
1754,1755,1
1756,1757,1
1758,1759,1
1760,1761,1
1762,1763,1
1764,1765,1
1766,1767,1
1768,1769,1
1770,1771,1
1772,1773,1
1774,1775,1
1776,1777,0
1778,1779,0
1780,1781,0
1782,1783,0
1784,1785,1
1786,1787,1
1788,1789,1
1790,1791,1
1792,1793,1
1794,1795,1
1796,1797,1
1798,1799,1
1800,1801,1
1802,1803,1
1804,1805,1
1806,1807,1
1808,1809,1
1810,1811,1
1812,1813,1
1814,1815,1
1816,1817,1
1818,1819,1
1820,1821,1
1822,1823,1
1824,1825,1
1826,1827,1
1828,1829,1
1830,1831,1
1832,1833,1
1834,1835,1
1836,1837,1
1838,1839,1
1840,1841,1
1842,1843,1
1844,1845,1
1846,1847,1
1848,1849,1
1850,1851,1
1852,1853,1
1854,1855,1
1856,1857,1
1858,1859,1
1860,1861,1
1862,1863,1
1864,1865,1
1866,1867,1
1868,1869,1
1870,1871,1
1872,1873,1
1874,1875,1
1876,1877,1
1878,1879,1
1880,1881,1
1882,1883,1
1884,1885,1
1886,1887,1
1888,1889,1
1890,1891,1
1892,1893,1
1894,1895,1
1896,1897,1
1898,1899,1
1900,1901,1
1902,1903,1
1904,1905,1
1906,1907,1
1908,1909,1
1910,1911,1
1912,1913,0
1914,1915,1
1916,1917,1
1918,1919,1
1920,1921,1
1922,1923,1
1924,1925,1
1926,1927,1
1928,1929,1
1930,1931,1
1932,1933,1
1934,1935,1
1936,1937,1
1938,1939,1
1940,1941,1
1942,1943,1
1944,1945,1
1946,1947,1
1948,1949,0
1950,1951,0
1952,1953,0
1954,1955,1
1956,1957,1
1958,1959,1
1960,1961,1
1962,1963,1
1964,1965,1
1966,1967,1
1968,1969,1
1970,1971,1
1972,1973,1
1974,1975,1
1976,1977,1
1978,1979,1
1980,1981,1
1982,1983,1
1984,1985,1
1986,1987,1
1988,1989,1
1990,1991,1
1992,1993,1
1994,1995,1
1996,1997,1
1998,1999,1
2000,2001,1
2002,2003,1
2004,2005,1
2006,2007,1
2008,2009,1
2010,2011,1
2012,2013,1
2014,2015,1
2016,2017,1
2018,2019,1
2020,2021,1
2022,2023,1
2024,2025,1
2026,2027,1
2028,2029,1
2030,2031,1
2032,2033,1
2034,2035,1
2036,2037,1
2038,2039,1
2040,2041,1
2042,2043,1
2044,2045,1
2046,2047,1
2048,2049,1
2050,2051,1
2052,2053,1
2054,2055,1
2056,2057,1
2058,2059,1
2060,2061,1
2062,2063,1
2064,2065,1
2066,2067,0
2068,2069,0
2070,2071,0
2072,2073,0
2074,2075,1
2076,2077,1
2078,2079,1
2080,2081,1
2082,2083,0
2084,2085,0
2086,2087,0
2088,2089,1
2090,2091,1
2092,2093,0
2094,2095,0
2096,2097,0
2098,2099,1
2100,2101,0
2102,2103,0
2104,2105,0
2106,2107,1
2108,2109,0
2110,2111,1
2112,2113,0
2114,2115,1
2116,2117,0
2118,2119,0
2120,2121,0
2122,2123,0
2124,2125,0
2126,2127,0
2128,2129,1
2130,2131,1
2132,2133,1
2134,2135,1
2136,2137,1
2138,2139,1
2140,2141,1
2142,2143,1
2144,2145,1
2146,2147,0
2148,2149,1
2150,2151,0
2152,2153,1
2154,2155,1
2156,2157,0
2158,2159,1
2160,2161,0
2162,2163,1
2164,2165,0
2166,2167,0
2168,2169,0
2170,2171,0
2172,2173,1
2174,2175,1
2176,2177,1
2178,2179,1
2180,2181,1
2182,2183,1
2184,2185,1
2186,2187,1
2188,2189,1
2190,2191,1
2192,2193,1
2194,2195,1
2196,2197,1
2198,2199,1
2200,2201,1
2202,2203,1
2204,2205,1
2206,2207,1
2208,2209,1
2210,2211,1
2212,2213,0
2214,2215,1
2216,2217,1
2218,2219,1
2220,2221,0
2222,2223,1
2224,2225,1
2226,2227,1
2228,2229,1
2230,2231,1
2232,2233,1
2234,2235,1
2236,2237,1
2238,2239,1
2240,2241,1
2242,2243,1
2244,2245,1
2246,2247,0
2248,2249,0
2250,2251,1
2252,2253,0
2254,2255,0
2256,2257,0
2258,2259,0
2260,2261,1
2262,2263,1
2264,2265,1
2266,2267,1
2268,2269,1
2270,2271,1
2272,2273,1
2274,2275,1
2276,2277,1
2278,2279,1
2280,2281,1
2282,2283,1
2284,2285,1
2286,2287,1
2288,2289,1
2290,2291,1
2292,2293,1
2294,2295,1
2296,2297,1
2298,2299,1
2300,2301,1
2302,2303,1
2304,2305,1
2306,2307,1
2308,2309,0
2310,2311,0
2312,2313,1
2314,2315,1
2316,2317,1
2318,2319,0
2320,2321,0
2322,2323,1
2324,2325,1
2326,2327,1
2328,2329,1
2330,2331,1
2332,2333,1
2334,2335,1
2336,2337,1
2338,2339,1
2340,2341,1
2342,2343,1
2344,2345,1
2346,2347,1
2348,2349,1
2350,2351,1
2352,2353,1
2354,2355,1
2356,2357,1
2358,2359,1
2360,2361,1
2362,2363,1
2364,2365,1
2366,2367,1
2368,2369,1
2370,2371,1
2372,2373,1
2374,2375,1
2376,2377,1
2378,2379,1
2380,2381,1
2382,2383,1
2384,2385,1
2386,2387,1
2388,2389,1
2390,2391,1
2392,2393,1
2394,2395,1
2396,2397,1
2398,2399,1
2400,2401,1
2402,2403,1
2404,2405,1
2406,2407,1
2408,2409,1
2410,2411,1
2412,2413,1
2414,2415,1
2416,2417,0
2418,2419,1
2420,2421,1
2422,2423,1
2424,2425,1
2426,2427,1
2428,2429,1
2430,2431,1
2432,2433,1
2434,2435,1
2436,2437,1
2438,2439,1
2440,2441,1
2442,2443,1
2444,2445,1
2446,2447,1
2448,2449,1
2450,2451,1
2452,2453,1
2454,2455,1
2456,2457,1
2458,2459,1
2460,2461,0
2462,2463,1
2464,2465,1
2466,2467,1
2468,2469,1
2470,2471,1
2472,2473,1
2474,2475,1
2476,2477,1
2478,2479,1
2480,2481,1
2482,2483,1
2484,2485,1
2486,2487,1
2488,2489,1
2490,2491,0
2492,2493,1
2494,2495,1
2496,2497,1
2498,2499,1
2500,2501,1
2502,2503,1
2504,2505,1
2506,2507,1
2508,2509,1
2510,2511,1
2512,2513,1
2514,2515,1
2516,2517,1
2518,2519,1
2520,2521,1
2522,2523,1
2524,2525,1
2526,2527,1
2528,2529,1
2530,2531,1
2532,2533,0
2534,2535,1
2536,2537,1
2538,2539,1
2540,2541,1
2542,2543,1
2544,2545,1
2546,2547,1
2548,2549,1
2550,2551,1
2552,2553,1
2554,2555,1
2556,2557,1
2558,2559,1
2560,2561,1
2562,2563,1
2564,2565,1
2566,2567,1
2568,2569,1
2570,2571,1
2572,2573,1
2574,2575,1
2576,2577,1
2578,2579,1
2580,2581,1
2582,2583,1
2584,2585,1
2586,2587,1
2588,2589,1
2590,2591,1
2592,2593,1
2594,2595,1
2596,2597,1
2598,2599,1
2600,2601,1
2602,2603,1
2604,2605,1
2606,2607,1
2608,2609,1
2610,2611,1
2612,2613,1
2614,2615,1
2616,2617,1
2618,2619,1
2620,2621,0
2622,2623,0
2624,2625,0
2626,2627,1
2628,2629,1
2630,2631,1
2632,2633,1
2634,2635,1
2636,2637,1
2638,2639,1
2640,2641,0
2642,2643,0
2644,2645,1
2646,2647,1
2648,2649,1
2650,2651,1
2652,2653,1
2654,2655,1
2656,2657,1
2658,2659,0
2660,2661,0
2662,2663,1
2664,2665,1
2666,2667,1
2668,2669,1
2670,2671,1
2672,2673,1
2674,2675,1
2676,2677,0
2678,2679,0
2680,2681,1
2682,2683,1
2684,2685,1
2686,2687,1
2688,2689,1
2690,2691,1
2692,2693,1
2694,2695,1
2696,2697,1
2698,2699,1
2700,2701,1
2702,2703,1
2704,2705,1
2706,2707,1
2708,2709,1
2710,2711,1
2712,2713,1
2714,2715,1
2716,2717,1
2718,2719,1
2720,2721,1
2722,2723,1
2724,2725,1
2726,2727,1
2728,2729,1
2730,2731,1
2732,2733,1
2734,2735,1
2736,2737,1
2738,2739,1
2740,2741,1
2742,2743,1
2744,2745,1
2746,2747,1
2748,2749,1
2750,2751,1
2752,2753,1
2754,2755,1
2756,2757,1
2758,2759,1
2760,2761,1
2762,2763,1
2764,2765,1
2766,2767,1
2768,2769,1
2770,2771,1
2772,2773,0
2774,2775,1
2776,2777,1
2778,2779,0
2780,2781,1
2782,2783,1
2784,2785,1
2786,2787,1
2788,2789,1
2790,2791,1
2792,2793,1
2794,2795,1
2796,2797,1
2798,2799,1
2800,2801,1
2802,2803,1
2804,2805,1
2806,2807,1
2808,2809,1
2810,2811,1
2812,2813,1
2814,2815,1
2816,2817,0
2818,2819,0
2820,2821,1
2822,2823,1
2824,2825,1
2826,2827,1
2828,2829,1
2830,2831,0
2832,2833,1
2834,2835,1
2836,2837,0
2838,2839,0
2840,2841,0
2842,2843,0
2844,2845,0
2846,2847,0
2848,2849,0
2850,2851,0
2852,2853,0
2854,2855,0
2856,2857,0
2858,2859,0
2860,2861,1
2862,2863,1
2864,2865,0
2866,2867,0
2868,2869,0
2870,2871,0
2872,2873,0
2874,2875,0
2876,2877,0
2878,2879,0
2880,2881,0
2882,2883,0
2884,2885,0
2886,2887,0
2888,2889,0
2890,2891,1
2892,2893,0
2894,2895,0
2896,2897,1
2898,2899,1
2900,2901,1
2902,2903,1
2904,2905,0
2906,2907,1
2908,2909,1
2910,2911,1
2912,2913,1
2914,2915,1
2916,2917,1
2918,2919,1
2920,2921,1
2922,2923,1
2924,2925,1
2926,2927,1
2928,2929,1
2930,2931,1
2932,2933,1
2934,2935,1
2936,2937,1
2938,2939,1
2940,2941,0
2942,2943,0
2944,2945,0
2946,2947,1
2948,2949,1
2950,2951,1
2952,2953,1
2954,2955,1
2956,2957,1
2958,2959,0
2960,2961,0
2962,2963,0
2964,2965,1
2966,2967,1
2968,2969,1
2970,2971,0
2972,2973,1
2974,2975,0
2976,2977,1
2978,2979,1
2980,2981,1
2982,2983,1
2984,2985,1
2986,2987,1
2988,2989,1
2990,2991,1
2992,2993,1
2994,2995,1
2996,2997,1
2998,2999,1
3000,3001,0
3002,3003,0
3004,3005,0
3006,3007,0
3008,3009,0
3010,3011,0
3012,3013,0
3014,3015,1
3016,3017,1
3018,3019,1
3020,3021,1
3022,3023,0
3024,3025,1
3026,3027,1
3028,3029,1
3030,3031,1
3032,3033,0
3034,3035,0
3036,3037,0
3038,3039,0
3040,3041,0
3042,3043,0
3044,3045,0
3046,3047,0
3048,3049,0
3050,3051,1
3052,3053,1
3054,3055,1
3056,3057,1
3058,3059,1
3060,3061,1
3062,3063,1
3064,3065,1
3066,3067,0
3068,3069,0
3070,3071,0
3072,3073,0
3074,3075,1
3076,3077,1
3078,3079,1
3080,3081,1
3082,3083,1
3084,3085,1
3086,3087,1
3088,3089,1
3090,3091,1
3092,3093,0
3094,3095,1
3096,3097,1
3098,3099,1
3100,3101,1
3102,3103,1
3104,3105,1
3106,3107,1
3108,3109,1
3110,3111,1
3112,3113,1
3114,3115,1
3116,3117,0
3118,3119,1
3120,3121,1
3122,3123,1
3124,3125,1
3126,3127,1
3128,3129,1
3130,3131,1
3132,3133,1
3134,3135,1
3136,3137,1
3138,3139,1
3140,3141,1
3142,3143,1
3144,3145,1
3146,3147,1
3148,3149,1
3150,3151,1
3152,3153,1
3154,3155,1
3156,3157,1
3158,3159,1
3160,3161,1
3162,3163,1
3164,3165,1
3166,3167,0
3168,3169,0
3170,3171,0
3172,3173,0
3174,3175,0
3176,3177,0
3178,3179,1
3180,3181,1
3182,3183,0
3184,3185,0
3186,3187,0
3188,3189,0
3190,3191,0
3192,3193,0
3194,3195,0
3196,3197,0
3198,3199,0
3200,3201,0
3202,3203,0
3204,3205,0
3206,3207,0
3208,3209,0
3210,3211,0
3212,3213,0
3214,3215,0
3216,3217,0
3218,3219,0
3220,3221,0
3222,3223,0
3224,3225,0
3226,3227,0
3228,3229,0
3230,3231,0
3232,3233,0
3234,3235,0
3236,3237,0
3238,3239,0
3240,3241,0
3242,3243,0
3244,3245,0
3246,3247,0
3248,3249,0
3250,3251,0
3252,3253,0
3254,3255,0
3256,3257,0
3258,3259,0
3260,3261,0
3262,3263,1
3264,3265,1
3266,3267,1
3268,3269,1
3270,3271,0
3272,3273,0
3274,3275,1
3276,3277,1
3278,3279,0
3280,3281,0
3282,3283,1
3284,3285,1
3286,3287,1
3288,3289,1
3290,3291,0
3292,3293,0
3294,3295,0
3296,3297,1
3298,3299,1
3300,3301,1
3302,3303,1
3304,3305,1
3306,3307,1
3308,3309,1
3310,3311,1
3312,3313,1
3314,3315,1
3316,3317,0
3318,3319,0
3320,3321,0
3322,3323,0
3324,3325,0
3326,3327,0
3328,3329,0
3330,3331,0
3332,3333,0
3334,3335,0
3336,3337,1
3338,3339,0
3340,3341,0
3342,3343,0
3344,3345,0
3346,3347,0
3348,3349,0
3350,3351,0
3352,3353,0
3354,3355,1
3356,3357,1
3358,3359,1
3360,3361,1
3362,3363,1
3364,3365,1
3366,3367,1
3368,3369,1
3370,3371,1
3372,3373,1
3374,3375,1
3376,3377,1
3378,3379,1
3380,3381,1
3382,3383,1
3384,3385,1
3386,3387,1
3388,3389,1
3390,3391,1
3392,3393,1
3394,3395,0
3396,3397,0
3398,3399,0
3400,3401,0
3402,3403,0
3404,3405,0
3406,3407,1
3408,3409,1
3410,3411,1
3412,3413,1
3414,3415,1
3416,3417,0
3418,3419,1
3420,3421,1
3422,3423,1
3424,3425,1
3426,3427,1
3428,3429,1
3430,3431,1
3432,3433,1
3434,3435,1
3436,3437,0
3438,3439,0
3440,3441,0
3442,3443,0
3444,3445,0
3446,3447,1
3448,3449,1
3450,3451,1
3452,3453,1
3454,3455,1
3456,3457,1
3458,3459,1
3460,3461,1
3462,3463,1
3464,3465,1
3466,3467,1
3468,3469,1
3470,3471,1
3472,3473,1
3474,3475,1
3476,3477,1
3478,3479,1
3480,3481,1
3482,3483,0
3484,3485,1
3486,3487,1
3488,3489,0
3490,3491,0
3492,3493,0
3494,3495,0
3496,3497,1
3498,3499,1
3500,3501,1
3502,3503,0
3504,3505,0
3506,3507,0
3508,3509,0
3510,3511,0
3512,3513,0
3514,3515,0
3516,3517,0
3518,3519,0
3520,3521,0
3522,3523,1
3524,3525,1
3526,3527,1
3528,3529,1
3530,3531,1
3532,3533,1
3534,3535,1
3536,3537,1
3538,3539,1
3540,3541,1
3542,3543,1
3544,3545,1
3546,3547,1
3548,3549,1
3550,3551,1
3552,3553,1
3554,3555,1
3556,3557,1
3558,3559,1
3560,3561,1
3562,3563,1
3564,3565,1
3566,3567,1
3568,3569,1
3570,3571,1
3572,3573,1
3574,3575,1
3576,3577,1
3578,3579,1
3580,3581,1
3582,3583,1
3584,3585,1
3586,3587,1
3588,3589,1
3590,3591,1
3592,3593,1
3594,3595,1
3596,3597,1
3598,3599,1
3600,3601,1
3602,3603,1
3604,3605,1
3606,3607,1
3608,3609,1
3610,3611,1
3612,3613,1
3614,3615,1
3616,3617,1
3618,3619,1
3620,3621,1
3622,3623,1
3624,3625,1
3626,3627,1
3628,3629,1
3630,3631,1
3632,3633,1
3634,3635,1
3636,3637,1
3638,3639,1
3640,3641,1
3642,3643,1
3644,3645,1
3646,3647,1
3648,3649,1
3650,3651,1
3652,3653,1
3654,3655,1
3656,3657,1
3658,3659,1
3660,3661,1
3662,3663,1
3664,3665,1
3666,3667,1
3668,3669,0
3670,3671,1
3672,3673,1
3674,3675,1
3676,3677,1
3678,3679,1
3680,3681,1
3682,3683,1
3684,3685,1
3686,3687,1
3688,3689,1
3690,3691,1
3692,3693,1
3694,3695,1
3696,3697,1
3698,3699,1
3700,3701,1
3702,3703,1
3704,3705,1
3706,3707,1
3708,3709,1
3710,3711,1
3712,3713,1
3714,3715,1
3716,3717,1
3718,3719,1
3720,3721,1
3722,3723,1
3724,3725,1
3726,3727,1
3728,3729,1
3730,3731,1
3732,3733,1
3734,3735,1
3736,3737,1
3738,3739,1
3740,3741,1
3742,3743,1
3744,3745,1
3746,3747,1
3748,3749,1
3750,3751,1
3752,3753,1
3754,3755,1
3756,3757,1
3758,3759,1
3760,3761,1
3762,3763,1
3764,3765,0
3766,3767,1
3768,3769,1
3770,3771,1
3772,3773,1
3774,3775,1
3776,3777,1
3778,3779,1
3780,3781,1
3782,3783,1
3784,3785,1
3786,3787,1
3788,3789,1
3790,3791,1
3792,3793,1
3794,3795,1
3796,3797,1
3798,3799,1
3800,3801,1
3802,3803,1
3804,3805,1
3806,3807,1
3808,3809,1
3810,3811,1
3812,3813,1
3814,3815,1
3816,3817,1
3818,3819,1
3820,3821,1
3822,3823,1
3824,3825,0
3826,3827,1
3828,3829,1
3830,3831,1
3832,3833,1
3834,3835,1
3836,3837,1
3838,3839,1
3840,3841,1
3842,3843,1
3844,3845,1
3846,3847,1
3848,3849,1
3850,3851,1
3852,3853,1
3854,3855,1
3856,3857,1
3858,3859,1
3860,3861,1
3862,3863,1
3864,3865,1
3866,3867,1
3868,3869,1
3870,3871,1
3872,3873,1
3874,3875,1
3876,3877,1
3878,3879,1
3880,3881,1
3882,3883,1
3884,3885,1
3886,3887,1
3888,3889,1
3890,3891,1
3892,3893,1
3894,3895,1
3896,3897,1
3898,3899,1
3900,3901,1
3902,3903,1
3904,3905,1
3906,3907,1
3908,3909,1
3910,3911,1
3912,3913,1
3914,3915,1
3916,3917,1
3918,3919,1
3920,3921,1
3922,3923,1
3924,3925,1
3926,3927,1
3928,3929,1
3930,3931,1
3932,3933,1
3934,3935,1
3936,3937,1
3938,3939,1
3940,3941,1
3942,3943,1
3944,3945,1
3946,3947,1
3948,3949,1
3950,3951,1
3952,3953,1
3954,3955,1
3956,3957,1
3958,3959,1
3960,3961,1
3962,3963,1
3964,3965,1
3966,3967,1
3968,3969,0
3970,3971,1
3972,3973,1
3974,3975,1
3976,3977,1
3978,3979,1
3980,3981,1
3982,3983,1
3984,3985,1
3986,3987,1
3988,3989,1
3990,3991,1
3992,3993,1
3994,3995,1
3996,3997,1
3998,3999,1
4000,4001,1
4002,4003,1
4004,4005,1
4006,4007,1
4008,4009,1
4010,4011,1
4012,4013,1
4014,4015,1
4016,4017,1
4018,4019,1
4020,4021,1
4022,4023,1
4024,4025,1
4026,4027,1
4028,4029,1
4030,4031,1
4032,4033,1
4034,4035,1
4036,4037,1
4038,4039,1
4040,4041,1
4042,4043,1
4044,4045,1
4046,4047,1
4048,4049,1
4050,4051,1
4052,4053,1
4054,4055,1
4056,4057,1
4058,4059,1
4060,4061,1
4062,4063,1
4064,4065,1
4066,4067,1
4068,4069,1
4070,4071,1
4072,4073,1
4074,4075,1
4076,4077,1
4078,4079,1
4080,4081,1
4082,4083,1
4084,4085,1
4086,4087,1
4088,4089,1
4090,4091,1
4092,4093,0
4094,4095,1
4096,4097,1
4098,4099,1
4100,4101,1
4102,4103,1
4104,4105,1
4106,4107,1
4108,4109,1
4110,4111,1
4112,4113,1
4114,4115,1
4116,4117,1
4118,4119,1
4120,4121,1
4122,4123,0
4124,4125,1
4126,4127,1
4128,4129,1
4130,4131,1
4132,4133,1
4134,4135,1
4136,4137,1
4138,4139,0
4140,4141,0
4142,4143,0
4144,4145,0
4146,4147,0
4148,4149,0
4150,4151,0
4152,4153,0
4154,4155,0
4156,4157,0
4158,4159,0
4160,4161,1
4162,4163,1
4164,4165,1
4166,4167,1
4168,4169,1
4170,4171,1
4172,4173,0
4174,4175,0
4176,4177,0
4178,4179,0
4180,4181,0
4182,4183,1
4184,4185,1
4186,4187,0
4188,4189,0
4190,4191,0
4192,4193,0
4194,4195,0
4196,4197,1
4198,4199,1
4200,4201,1
4202,4203,1
4204,4205,1
4206,4207,1
4208,4209,1
4210,4211,1
4212,4213,1
4214,4215,1
4216,4217,1
4218,4219,1
4220,4221,1
4222,4223,1
4224,4225,1
4226,4227,1
4228,4229,1
4230,4231,1
4232,4233,1
4234,4235,1
4236,4237,1
4238,4239,1
4240,4241,1
4242,4243,1
4244,4245,1
4246,4247,1
4248,4249,1
4250,4251,1
4252,4253,1
4254,4255,1
4256,4257,1
4258,4259,1
4260,4261,1
4262,4263,1
4264,4265,1
4266,4267,1
4268,4269,1
4270,4271,1
4272,4273,0
4274,4275,1
4276,4277,1
4278,4279,1
4280,4281,1
4282,4283,1
4284,4285,0
4286,4287,0
4288,4289,1
4290,4291,1
4292,4293,1
4294,4295,1
4296,4297,1
4298,4299,1
4300,4301,1
4302,4303,1
4304,4305,1
4306,4307,1
4308,4309,1
4310,4311,1
4312,4313,1
4314,4315,1
4316,4317,1
4318,4319,1
4320,4321,1
4322,4323,1
4324,4325,1
4326,4327,1
4328,4329,0
4330,4331,0
4332,4333,0
4334,4335,0
4336,4337,0
4338,4339,0
4340,4341,0
4342,4343,0
4344,4345,0
4346,4347,0
4348,4349,0
4350,4351,0
4352,4353,0
4354,4355,0
4356,4357,0
4358,4359,0
4360,4361,0
4362,4363,0
4364,4365,0
4366,4367,0
4368,4369,0
4370,4371,0
4372,4373,0
4374,4375,0
4376,4377,0
4378,4379,0
4380,4381,0
4382,4383,0
4384,4385,0
4386,4387,0
4388,4389,0
4390,4391,0
4392,4393,0
4394,4395,0
4396,4397,0
4398,4399,0
4400,4401,0
4402,4403,0
4404,4405,0
4406,4407,0
4408,4409,0
4410,4411,0
4412,4413,1
4414,4415,0
4416,4417,0
4418,4419,0
4420,4421,0
4422,4423,0
4424,4425,0
4426,4427,0
4428,4429,0
4430,4431,0
4432,4433,0
4434,4435,0
4436,4437,0
4438,4439,0
4440,4441,0
4442,4443,0
4444,4445,0
4446,4447,0
4448,4449,0
4450,4451,0
4452,4453,0
4454,4455,0
4456,4457,0
4458,4459,0
4460,4461,0
4462,4463,0
4464,4465,0
4466,4467,0
4468,4469,0
4470,4471,0
4472,4473,0
4474,4475,0
4476,4477,0
4478,4479,0
4480,4481,0
4482,4483,0
4484,4485,0
4486,4487,0
4488,4489,0
4490,4491,0
4492,4493,0
4494,4495,0
4496,4497,0
4498,4499,0
4500,4501,0
4502,4503,1
4504,4505,0
4506,4507,0
4508,4509,1
4510,4511,1
4512,4513,1
4514,4515,1
4516,4517,1
4518,4519,1
4520,4521,1
4522,4523,0
4524,4525,0
4526,4527,0
4528,4529,0
4530,4531,0
4532,4533,0
4534,4535,1
4536,4537,1
4538,4539,1
4540,4541,1
4542,4543,1
4544,4545,1
4546,4547,1
4548,4549,1
4550,4551,1
4552,4553,1
4554,4555,1
4556,4557,1
4558,4559,1
4560,4561,1
4562,4563,1
4564,4565,1
4566,4567,1
4568,4569,0
4570,4571,1
4572,4573,1
4574,4575,1
4576,4577,1
4578,4579,1
4580,4581,1
4582,4583,1
4584,4585,1
4586,4587,1
4588,4589,1
4590,4591,1
4592,4593,1
4594,4595,1
4596,4597,1
4598,4599,1
4600,4601,1
4602,4603,1
4604,4605,1
4606,4607,1
4608,4609,1
4610,4611,1
4612,4613,1
4614,4615,1
4616,4617,1
4618,4619,1
4620,4621,1
4622,4623,1
4624,4625,0
4626,4627,1
4628,4629,1
4630,4631,1
4632,4633,1
4634,4635,1
4636,4637,1
4638,4639,1
4640,4641,1
4642,4643,1
4644,4645,1
4646,4647,1
4648,4649,1
4650,4651,1
4652,4653,1
4654,4655,0
4656,4657,0
4658,4659,0
4660,4661,0
4662,4663,1
4664,4665,0
4666,4667,0
4668,4669,1
4670,4671,1
4672,4673,1
4674,4675,1
4676,4677,1
4678,4679,1
4680,4681,1
4682,4683,1
4684,4685,1
4686,4687,1
4688,4689,1
4690,4691,0
4692,4693,0
4694,4695,0
4696,4697,0
4698,4699,0
4700,4701,0
4702,4703,0
4704,4705,0
4706,4707,1
4708,4709,1
4710,4711,1
4712,4713,1
4714,4715,1
4716,4717,0
4718,4719,1
4720,4721,0
4722,4723,0
4724,4725,0
4726,4727,0
4728,4729,0
4730,4731,0
4732,4733,1
4734,4735,0
4736,4737,0
4738,4739,0
4740,4741,0
4742,4743,0
4744,4745,1
4746,4747,0
4748,4749,0
4750,4751,0
4752,4753,0
4754,4755,1
4756,4757,0
4758,4759,1
4760,4761,1
4762,4763,0
4764,4765,0
4766,4767,0
4768,4769,1
4770,4771,0
4772,4773,0
4774,4775,0
4776,4777,0
4778,4779,0
4780,4781,0
4782,4783,0
4784,4785,0
4786,4787,0
4788,4789,0
4790,4791,0
4792,4793,0
4794,4795,0
4796,4797,0
4798,4799,0
4800,4801,0
4802,4803,0
4804,4805,0
4806,4807,0
4808,4809,0
4810,4811,0
4812,4813,0
4814,4815,0
4816,4817,0
4818,4819,1
4820,4821,0
4822,4823,0
4824,4825,1
4826,4827,1
4828,4829,1
4830,4831,1
4832,4833,1
4834,4835,1
4836,4837,0
4838,4839,0
4840,4841,1
4842,4843,1
4844,4845,1
4846,4847,1
4848,4849,1
4850,4851,1
4852,4853,1
4854,4855,1
4856,4857,1
4858,4859,1
4860,4861,1
4862,4863,1
4864,4865,1
4866,4867,1
4868,4869,1
4870,4871,1
4872,4873,1
4874,4875,1
4876,4877,1
4878,4879,1
4880,4881,1
4882,4883,1
4884,4885,1
4886,4887,1
4888,4889,1
4890,4891,1
4892,4893,1
4894,4895,1
4896,4897,1
4898,4899,1
4900,4901,1
4902,4903,1
4904,4905,1
4906,4907,1
4908,4909,1
4910,4911,1
4912,4913,1
4914,4915,1
4916,4917,1
4918,4919,1
4920,4921,1
4922,4923,1
4924,4925,1
4926,4927,1
4928,4929,1
4930,4931,1
4932,4933,1
4934,4935,0
4936,4937,0
4938,4939,1
4940,4941,0
4942,4943,0
4944,4945,1
4946,4947,0
4948,4949,0
4950,4951,0
4952,4953,0
4954,4955,1
4956,4957,1
4958,4959,1
4960,4961,1
4962,4963,1
4964,4965,1
4966,4967,1
4968,4969,1
4970,4971,1
4972,4973,1
4974,4975,1
4976,4977,1
4978,4979,1
4980,4981,1
4982,4983,1
4984,4985,1
4986,4987,1
4988,4989,1
4990,4991,1
4992,4993,0
4994,4995,0
4996,4997,1
4998,4999,0
5000,5001,1
5002,5003,0
5004,5005,1
5006,5007,1
5008,5009,1
5010,5011,1
5012,5013,0
5014,5015,0
5016,5017,1
5018,5019,1
5020,5021,1
5022,5023,1
5024,5025,1
5026,5027,1
5028,5029,1
5030,5031,1
5032,5033,1
5034,5035,1
5036,5037,1
5038,5039,1
5040,5041,1
5042,5043,1
5044,5045,1
5046,5047,1
5048,5049,1
5050,5051,1
5052,5053,1
5054,5055,1
5056,5057,1
5058,5059,1
5060,5061,1
5062,5063,1
5064,5065,1
5066,5067,1
5068,5069,1
5070,5071,1
5072,5073,1
5074,5075,1
5076,5077,1
5078,5079,1
5080,5081,1
5082,5083,1
5084,5085,1
5086,5087,1
5088,5089,1
5090,5091,1
5092,5093,1
5094,5095,1
5096,5097,1
5098,5099,1
5100,5101,0
5102,5103,1
5104,5105,0
5106,5107,0
5108,5109,0
5110,5111,0
5112,5113,0
5114,5115,0
5116,5117,0
5118,5119,0
5120,5121,0
